condition,repeat,fold,features,auc,n_words
main,0,0,lexical,0.9985714285714287,1510
main,0,0,rhythm,0.8942857142857142,0
main,0,0,combined,0.998265306122449,1510
main,0,1,lexical,0.999486125385406,1588
main,0,1,rhythm,0.8973278520041111,0
main,0,1,combined,0.9998972250770812,1588
main,0,2,lexical,0.9996916752312436,1517
main,0,2,rhythm,0.8832476875642343,0
main,0,2,combined,0.9996916752312436,1517
main,0,3,lexical,0.9993833504624872,1535
main,0,3,rhythm,0.8987667009249742,0
main,0,3,combined,0.9997944501541624,1535
main,0,4,lexical,0.9928057553956835,1515
main,0,4,rhythm,0.9204522096608428,0
main,0,4,combined,0.9930113052415211,1515
main,1,0,lexical,0.9995918367346939,1539
main,1,0,rhythm,0.8811224489795918,0
main,1,0,combined,0.9997959183673469,1539
main,1,1,lexical,0.9979445015416238,1528
main,1,1,rhythm,0.9152106885919835,0
main,1,1,combined,0.9997944501541624,1528
main,1,2,lexical,0.9984583761562179,1540
main,1,2,rhythm,0.902672147995889,0
main,1,2,combined,0.9990750256937307,1540
main,1,3,lexical,0.9929085303186023,1542
main,1,3,rhythm,0.87327852004111,0
main,1,3,combined,0.9932168550873587,1542
main,1,4,lexical,0.9998972250770812,1538
main,1,4,rhythm,0.8913669064748201,0
main,1,4,combined,1.0,1538
main,2,0,lexical,0.9927551020408163,1538
main,2,0,rhythm,0.8945918367346939,0
main,2,0,combined,0.9934693877551021,1538
main,2,1,lexical,0.9992805755395683,1611
main,2,1,rhythm,0.8994861253854058,0
main,2,1,combined,0.9984583761562178,1611
main,2,2,lexical,1.0,1509
main,2,2,rhythm,0.8967112024665982,0
main,2,2,combined,1.0,1509
main,2,3,lexical,0.9979445015416238,1539
main,2,3,rhythm,0.894141829393628,0
main,2,3,combined,0.9997944501541624,1539
main,2,4,lexical,0.9998972250770812,1517
main,2,4,rhythm,0.900513874614594,0
main,2,4,combined,1.0,1517
main,3,0,lexical,0.9995918367346939,1565
main,3,0,rhythm,0.9271428571428572,0
main,3,0,combined,0.9997959183673469,1565
main,3,1,lexical,0.9981500513874615,1544
main,3,1,rhythm,0.8885919835560123,0
main,3,1,combined,0.9986639260020556,1544
main,3,2,lexical,0.9997944501541624,1548
main,3,2,rhythm,0.8939362795477904,0
main,3,2,combined,1.0,1548
main,3,3,lexical,0.9996916752312436,1538
main,3,3,rhythm,0.8515930113052416,0
main,3,3,combined,0.9996916752312436,1538
main,3,4,lexical,0.9927029804727646,1498
main,3,4,rhythm,0.9264131551901337,0
main,3,4,combined,0.9930113052415211,1498
main,4,0,lexical,0.9927551020408164,1558
main,4,0,rhythm,0.8861224489795918,0
main,4,0,combined,0.9928571428571429,1558
main,4,1,lexical,0.9990750256937307,1541
main,4,1,rhythm,0.9058581706063721,0
main,4,1,combined,0.9996916752312436,1541
main,4,2,lexical,0.9994861253854059,1547
main,4,2,rhythm,0.8933196300102775,0
main,4,2,combined,0.9997944501541624,1547
main,4,3,lexical,0.9992805755395684,1504
main,4,3,rhythm,0.90431654676259,0
main,4,3,combined,0.9990750256937307,1504
main,4,4,lexical,0.9995889003083247,1551
main,4,4,rhythm,0.8915724563206577,0
main,4,4,combined,1.0,1551
main,5,0,lexical,0.9991836734693879,1526
main,5,0,rhythm,0.9084693877551021,0
main,5,0,combined,0.9992857142857143,1526
main,5,1,lexical,0.9993833504624872,1547
main,5,1,rhythm,0.910174717368962,0
main,5,1,combined,0.9996916752312436,1547
main,5,2,lexical,1.0,1506
main,5,2,rhythm,0.8882836587872559,0
main,5,2,combined,1.0,1506
main,5,3,lexical,0.9928057553956835,1529
main,5,3,rhythm,0.8642343268242549,0
main,5,3,combined,0.9930113052415211,1529
main,5,4,lexical,0.9991778006166496,1562
main,5,4,rhythm,0.900513874614594,0
main,5,4,combined,0.9997944501541624,1562
main,6,0,lexical,0.9908163265306122,1570
main,6,0,rhythm,0.8556122448979592,0
main,6,0,combined,0.9907142857142858,1570
main,6,1,lexical,0.9994861253854059,1543
main,6,1,rhythm,0.8979445015416239,0
main,6,1,combined,0.9997944501541625,1543
main,6,2,lexical,0.9991778006166496,1514
main,6,2,rhythm,0.9243576567317574,0
main,6,2,combined,0.9995889003083247,1514
main,6,3,lexical,1.0,1529
main,6,3,rhythm,0.8937307297019527,0
main,6,3,combined,1.0,1529
main,6,4,lexical,0.9996916752312436,1537
main,6,4,rhythm,0.917060637204522,0
main,6,4,combined,1.0,1537
main,7,0,lexical,0.9998979591836735,1555
main,7,0,rhythm,0.8888775510204082,0
main,7,0,combined,1.0,1555
main,7,1,lexical,0.9990750256937307,1529
main,7,1,rhythm,0.9339157245632066,0
main,7,1,combined,0.998972250770812,1529
main,7,2,lexical,0.9920863309352518,1517
main,7,2,rhythm,0.9034943473792395,0
main,7,2,combined,0.9940390544707092,1517
main,7,3,lexical,1.0,1551
main,7,3,rhythm,0.8748201438848922,0
main,7,3,combined,1.0,1551
main,7,4,lexical,0.9995889003083247,1555
main,7,4,rhythm,0.8749229188078109,0
main,7,4,combined,0.9993833504624872,1555
main,8,0,lexical,1.0,1492
main,8,0,rhythm,0.8925510204081633,0
main,8,0,combined,1.0,1492
main,8,1,lexical,0.9996916752312436,1518
main,8,1,rhythm,0.9191161356628983,0
main,8,1,combined,1.0,1518
main,8,2,lexical,0.9929085303186023,1583
main,8,2,rhythm,0.9014388489208633,0
main,8,2,combined,0.993627954779034,1583
main,8,3,lexical,0.9995889003083248,1521
main,8,3,rhythm,0.8857142857142857,0
main,8,3,combined,1.0,1521
main,8,4,lexical,0.9992805755395683,1562
main,8,4,rhythm,0.8976361767728674,0
main,8,4,combined,0.9990750256937307,1562
main,9,0,lexical,1.0,1538
main,9,0,rhythm,0.9227551020408163,0
main,9,0,combined,0.9998979591836735,1538
main,9,1,lexical,1.0,1467
main,9,1,rhythm,0.9154162384378212,0
main,9,1,combined,1.0,1467
main,9,2,lexical,1.0,1539
main,9,2,rhythm,0.8981500513874615,0
main,9,2,combined,1.0,1539
main,9,3,lexical,0.989825282631038,1586
main,9,3,rhythm,0.8673175745118191,0
main,9,3,combined,0.9901336073997944,1586
main,9,4,lexical,0.9993833504624872,1553
main,9,4,rhythm,0.9015416238437821,0
main,9,4,combined,0.9997944501541625,1553
main,10,0,lexical,1.0,1570
main,10,0,rhythm,0.9027551020408164,0
main,10,0,combined,1.0,1570
main,10,1,lexical,0.9927029804727646,1556
main,10,1,rhythm,0.8870503597122301,0
main,10,1,combined,0.993627954779034,1556
main,10,2,lexical,0.9991778006166495,1554
main,10,2,rhythm,0.8896197327852003,0
main,10,2,combined,0.999486125385406,1554
main,10,3,lexical,0.9993833504624872,1544
main,10,3,rhythm,0.8685508735868449,0
main,10,3,combined,0.9986639260020556,1544
main,10,4,lexical,0.9997944501541625,1511
main,10,4,rhythm,0.9341212744090442,0
main,10,4,combined,1.0,1511
main,11,0,lexical,0.9991836734693877,1552
main,11,0,rhythm,0.8909183673469387,0
main,11,0,combined,0.9988775510204081,1552
main,11,1,lexical,0.999486125385406,1500
main,11,1,rhythm,0.9115107913669065,0
main,11,1,combined,0.9993833504624872,1500
main,11,2,lexical,0.9986639260020556,1538
main,11,2,rhythm,0.9044193216855086,0
main,11,2,combined,1.0,1538
main,11,3,lexical,0.9915724563206578,1527
main,11,3,rhythm,0.9135662898252827,0
main,11,3,combined,0.9913669064748202,1527
main,11,4,lexical,1.0,1576
main,11,4,rhythm,0.8748201438848922,0
main,11,4,combined,1.0,1576
main,12,0,lexical,0.9995918367346939,1525
main,12,0,rhythm,0.8973469387755103,0
main,12,0,combined,1.0,1525
main,12,1,lexical,1.0,1516
main,12,1,rhythm,0.8918807810894142,0
main,12,1,combined,0.9993833504624872,1516
main,12,2,lexical,1.0,1549
main,12,2,rhythm,0.9031860226104831,0
main,12,2,combined,1.0,1549
main,12,3,lexical,0.9992805755395684,1489
main,12,3,rhythm,0.8717368961973279,0
main,12,3,combined,1.0,1489
main,12,4,lexical,0.9905447070914697,1569
main,12,4,rhythm,0.9410071942446043,0
main,12,4,combined,0.9908530318602261,1569
main,13,0,lexical,0.9921428571428571,1585
main,13,0,rhythm,0.9276530612244898,0
main,13,0,combined,0.993265306122449,1585
main,13,1,lexical,1.0,1552
main,13,1,rhythm,0.8397738951695787,0
main,13,1,combined,0.9997944501541624,1552
main,13,2,lexical,0.997944501541624,1520
main,13,2,rhythm,0.8961973278520041,0
main,13,2,combined,0.9985611510791367,1520
main,13,3,lexical,1.0,1521
main,13,3,rhythm,0.9221993833504626,0
main,13,3,combined,1.0,1521
main,13,4,lexical,1.0,1536
main,13,4,rhythm,0.8890030832476876,0
main,13,4,combined,0.9998972250770812,1536
main,14,0,lexical,0.9966326530612245,1514
main,14,0,rhythm,0.9001020408163265,0
main,14,0,combined,0.9988775510204082,1514
main,14,1,lexical,0.9997944501541625,1532
main,14,1,rhythm,0.8588900308324768,0
main,14,1,combined,0.9998972250770812,1532
main,14,2,lexical,0.9928057553956835,1611
main,14,2,rhythm,0.891983556012333,0
main,14,2,combined,0.9929085303186023,1611
main,14,3,lexical,0.9990750256937307,1557
main,14,3,rhythm,0.9308324768756424,0
main,14,3,combined,0.9995889003083248,1557
main,14,4,lexical,0.9998972250770812,1488
main,14,4,rhythm,0.8993833504624872,0
main,14,4,combined,1.0,1488
main,15,0,lexical,0.9990816326530613,1579
main,15,0,rhythm,0.9191836734693878,0
main,15,0,combined,0.9993877551020408,1579
main,15,1,lexical,0.9927029804727646,1541
main,15,1,rhythm,0.8927029804727646,0
main,15,1,combined,0.9930113052415211,1541
main,15,2,lexical,0.9987667009249742,1519
main,15,2,rhythm,0.8785200411099692,0
main,15,2,combined,0.9996916752312436,1519
main,15,3,lexical,1.0,1563
main,15,3,rhythm,0.9221993833504625,0
main,15,3,combined,1.0,1563
main,15,4,lexical,0.9986639260020554,1512
main,15,4,rhythm,0.8685508735868448,0
main,15,4,combined,0.9997944501541624,1512
main,16,0,lexical,0.9912244897959184,1541
main,16,0,rhythm,0.8837755102040816,0
main,16,0,combined,0.991326530612245,1541
main,16,1,lexical,0.999486125385406,1570
main,16,1,rhythm,0.9079136690647482,0
main,16,1,combined,0.9997944501541625,1570
main,16,2,lexical,0.9989722507708119,1508
main,16,2,rhythm,0.9217882836587873,0
main,16,2,combined,1.0,1508
main,16,3,lexical,0.9998972250770812,1515
main,16,3,rhythm,0.8875642343268243,0
main,16,3,combined,1.0,1515
main,16,4,lexical,0.9992805755395684,1565
main,16,4,rhythm,0.8906474820143885,0
main,16,4,combined,0.9994861253854059,1565
main,17,0,lexical,0.9992857142857143,1504
main,17,0,rhythm,0.9102040816326531,0
main,17,0,combined,0.9996938775510203,1504
main,17,1,lexical,0.9993833504624872,1593
main,17,1,rhythm,0.8933196300102775,0
main,17,1,combined,1.0,1593
main,17,2,lexical,0.9997944501541625,1534
main,17,2,rhythm,0.8913669064748201,0
main,17,2,combined,1.0,1534
main,17,3,lexical,0.9912641315519013,1564
main,17,3,rhythm,0.8695786228160329,0
main,17,3,combined,0.9914696813977389,1564
main,17,4,lexical,0.999486125385406,1523
main,17,4,rhythm,0.930010277492292,0
main,17,4,combined,1.0,1523
main,18,0,lexical,1.0,1545
main,18,0,rhythm,0.8859183673469387,0
main,18,0,combined,1.0,1545
main,18,1,lexical,0.9989722507708119,1533
main,18,1,rhythm,0.9060637204522097,0
main,18,1,combined,0.9995889003083248,1533
main,18,2,lexical,0.9916752312435766,1550
main,18,2,rhythm,0.9303186022610483,0
main,18,2,combined,0.9932168550873587,1550
main,18,3,lexical,1.0,1538
main,18,3,rhythm,0.8859198355601233,0
main,18,3,combined,0.9997944501541624,1538
main,18,4,lexical,0.9984583761562178,1525
main,18,4,rhythm,0.8804727646454265,0
main,18,4,combined,0.9991778006166496,1525
main,19,0,lexical,1.0,1524
main,19,0,rhythm,0.9123469387755102,0
main,19,0,combined,1.0,1524
main,19,1,lexical,0.9915724563206577,1527
main,19,1,rhythm,0.8975334018499487,0
main,19,1,combined,0.991983556012333,1527
main,19,2,lexical,0.9997944501541625,1554
main,19,2,rhythm,0.8694758478931142,0
main,19,2,combined,0.9991778006166495,1554
main,19,3,lexical,0.9976361767728674,1470
main,19,3,rhythm,0.9167523124357657,0
main,19,3,combined,0.9997944501541624,1470
main,19,4,lexical,0.9996916752312436,1619
main,19,4,rhythm,0.8837615621788284,0
main,19,4,combined,1.0,1619
lenadj,0,0,length_only,0.7966326530612244,0
lenadj,0,0,lexical,0.9653061224489796,1510
lenadj,0,0,rhythm,0.8162244897959183,0
lenadj,0,0,combined,0.9795918367346939,1510
lenadj,0,1,length_only,0.8020554984583761,0
lenadj,0,1,lexical,0.9768756423432683,1588
lenadj,0,1,rhythm,0.8115107913669065,0
lenadj,0,1,combined,0.9889003083247687,1588
lenadj,0,2,length_only,0.8103802672147996,0
lenadj,0,2,lexical,0.9673175745118192,1517
lenadj,0,2,rhythm,0.7734840698869476,0
lenadj,0,2,combined,0.9699897225077081,1517
lenadj,0,3,length_only,0.8181911613566291,0
lenadj,0,3,lexical,0.9943473792394656,1535
lenadj,0,3,rhythm,0.8028776978417267,0
lenadj,0,3,combined,0.9966084275436793,1535
lenadj,0,4,length_only,0.833710174717369,0
lenadj,0,4,lexical,0.9647482014388489,1515
lenadj,0,4,rhythm,0.8442959917780063,0
lenadj,0,4,combined,0.9705035971223022,1515
lenadj,1,0,length_only,0.8078571428571428,0
lenadj,1,0,lexical,0.9688775510204082,1539
lenadj,1,0,rhythm,0.8327551020408164,0
lenadj,1,0,combined,0.9757142857142858,1539
lenadj,1,1,length_only,0.7631038026721481,0
lenadj,1,1,lexical,0.9575539568345324,1528
lenadj,1,1,rhythm,0.8286742034943474,0
lenadj,1,1,combined,0.964131551901336,1528
lenadj,1,2,length_only,0.8132579650565263,0
lenadj,1,2,lexical,0.9898252826310381,1540
lenadj,1,2,rhythm,0.7985611510791367,0
lenadj,1,2,combined,0.989825282631038,1540
lenadj,1,3,length_only,0.8547790339157246,0
lenadj,1,3,lexical,0.9854059609455292,1542
lenadj,1,3,rhythm,0.7831449126413156,0
lenadj,1,3,combined,0.9860226104830421,1542
lenadj,1,4,length_only,0.8171634121274409,0
lenadj,1,4,lexical,0.951284686536485,1538
lenadj,1,4,rhythm,0.7970195272353545,0
lenadj,1,4,combined,0.9731757451181912,1538
lenadj,2,0,length_only,0.8488775510204083,0
lenadj,2,0,lexical,0.9674489795918366,1538
lenadj,2,0,rhythm,0.8080612244897959,0
lenadj,2,0,combined,0.9785714285714286,1538
lenadj,2,1,length_only,0.8115107913669066,0
lenadj,2,1,lexical,0.9820143884892086,1611
lenadj,2,1,rhythm,0.8109969167523124,0
lenadj,2,1,combined,0.9805755395683453,1611
lenadj,2,2,length_only,0.8158273381294964,0
lenadj,2,2,lexical,0.9773895169578622,1509
lenadj,2,2,rhythm,0.7922918807810894,0
lenadj,2,2,combined,0.9805755395683454,1509
lenadj,2,3,length_only,0.7804727646454265,0
lenadj,2,3,lexical,0.9709146968139774,1539
lenadj,2,3,rhythm,0.8525179856115107,0
lenadj,2,3,combined,0.9850976361767729,1539
lenadj,2,4,length_only,0.7927029804727647,0
lenadj,2,4,lexical,0.9825282631038027,1517
lenadj,2,4,rhythm,0.7991778006166496,0
lenadj,2,4,combined,0.9799588900308325,1517
lenadj,3,0,length_only,0.8461224489795918,0
lenadj,3,0,lexical,0.9841836734693877,1565
lenadj,3,0,rhythm,0.7916326530612245,0
lenadj,3,0,combined,0.9844897959183674,1565
lenadj,3,1,length_only,0.8071942446043165,0
lenadj,3,1,lexical,0.9837615621788285,1544
lenadj,3,1,rhythm,0.8266187050359713,0
lenadj,3,1,combined,0.9841726618705036,1544
lenadj,3,2,length_only,0.7841726618705037,0
lenadj,3,2,lexical,0.9584789311408016,1548
lenadj,3,2,rhythm,0.8007194244604317,0
lenadj,3,2,combined,0.9656731757451181,1548
lenadj,3,3,length_only,0.8058581706063721,0
lenadj,3,3,lexical,0.9794450154162384,1538
lenadj,3,3,rhythm,0.7708119218910586,0
lenadj,3,3,combined,0.9810894141829394,1538
lenadj,3,4,length_only,0.8119218910585817,0
lenadj,3,4,lexical,0.9677286742034943,1498
lenadj,3,4,rhythm,0.8615621788283659,0
lenadj,3,4,combined,0.9788283658787256,1498
lenadj,4,0,length_only,0.7810204081632652,0
lenadj,4,0,lexical,0.9602040816326531,1558
lenadj,4,0,rhythm,0.8279591836734693,0
lenadj,4,0,combined,0.966734693877551,1558
lenadj,4,1,length_only,0.8490236382322713,0
lenadj,4,1,lexical,0.9758478931140802,1541
lenadj,4,1,rhythm,0.808016443987667,0
lenadj,4,1,combined,0.9792394655704009,1541
lenadj,4,2,length_only,0.7757451181911613,0
lenadj,4,2,lexical,0.9783144912641315,1547
lenadj,4,2,rhythm,0.8440904419321685,0
lenadj,4,2,combined,0.9886947584789312,1547
lenadj,4,3,length_only,0.8153134635149024,0
lenadj,4,3,lexical,0.9780061664953751,1504
lenadj,4,3,rhythm,0.7954779033915724,0
lenadj,4,3,combined,0.9805755395683453,1504
lenadj,4,4,length_only,0.8249743062692704,0
lenadj,4,4,lexical,0.9602261048304214,1551
lenadj,4,4,rhythm,0.7856115107913669,0
lenadj,4,4,combined,0.9754367934224049,1551
lenadj,5,0,length_only,0.8076530612244898,0
lenadj,5,0,lexical,0.9635714285714285,1526
lenadj,5,0,rhythm,0.8461224489795919,0
lenadj,5,0,combined,0.9768367346938777,1526
lenadj,5,1,length_only,0.7989722507708119,0
lenadj,5,1,lexical,0.9821171634121275,1547
lenadj,5,1,rhythm,0.8474820143884891,0
lenadj,5,1,combined,0.9850976361767728,1547
lenadj,5,2,length_only,0.8043165467625899,0
lenadj,5,2,lexical,0.978108941418294,1506
lenadj,5,2,rhythm,0.8027749229188078,0
lenadj,5,2,combined,0.9804727646454265,1506
lenadj,5,3,length_only,0.8305241521068859,0
lenadj,5,3,lexical,0.9730729701952723,1529
lenadj,5,3,rhythm,0.7641315519013362,0
lenadj,5,3,combined,0.9770811921891058,1529
lenadj,5,4,length_only,0.8099691675231243,0
lenadj,5,4,lexical,0.9821171634121275,1562
lenadj,5,4,rhythm,0.7779033915724562,0
lenadj,5,4,combined,0.9813977389516957,1562
lenadj,6,0,length_only,0.8023469387755102,0
lenadj,6,0,lexical,0.9475510204081633,1570
lenadj,6,0,rhythm,0.7296938775510204,0
lenadj,6,0,combined,0.9485714285714285,1570
lenadj,6,1,length_only,0.8356628982528264,0
lenadj,6,1,lexical,0.9676258992805755,1543
lenadj,6,1,rhythm,0.8194244604316547,0
lenadj,6,1,combined,0.975950668036999,1543
lenadj,6,2,length_only,0.8271325796505653,0
lenadj,6,2,lexical,0.9815005138746146,1514
lenadj,6,2,rhythm,0.8220966084275438,0
lenadj,6,2,combined,0.9883864337101747,1514
lenadj,6,3,length_only,0.8345323741007195,0
lenadj,6,3,lexical,0.980781089414183,1529
lenadj,6,3,rhythm,0.8171634121274408,0
lenadj,6,3,combined,0.9868448098663926,1529
lenadj,6,4,length_only,0.755087358684481,0
lenadj,6,4,lexical,0.9825282631038027,1537
lenadj,6,4,rhythm,0.8503597122302158,0
lenadj,6,4,combined,0.9847893114080164,1537
lenadj,7,0,length_only,0.8509183673469388,0
lenadj,7,0,lexical,0.9874489795918366,1555
lenadj,7,0,rhythm,0.7694897959183673,0
lenadj,7,0,combined,0.9911224489795919,1555
lenadj,7,1,length_only,0.8362795477903391,0
lenadj,7,1,lexical,0.9662898252826311,1529
lenadj,7,1,rhythm,0.8427543679342241,0
lenadj,7,1,combined,0.976464542651593,1529
lenadj,7,2,length_only,0.803802672147996,0
lenadj,7,2,lexical,0.9527235354573483,1517
lenadj,7,2,rhythm,0.8133607399794449,0
lenadj,7,2,combined,0.96896197327852,1517
lenadj,7,3,length_only,0.7645426515930113,0
lenadj,7,3,lexical,0.9901336073997945,1551
lenadj,7,3,rhythm,0.8169578622816033,0
lenadj,7,3,combined,0.991983556012333,1551
lenadj,7,4,length_only,0.7974306269270298,0
lenadj,7,4,lexical,0.9728674203494347,1555
lenadj,7,4,rhythm,0.7773895169578624,0
lenadj,7,4,combined,0.9682425488180884,1555
lenadj,8,0,length_only,0.8405102040816327,0
lenadj,8,0,lexical,0.9733673469387756,1492
lenadj,8,0,rhythm,0.821530612244898,0
lenadj,8,0,combined,0.9854081632653061,1492
lenadj,8,1,length_only,0.8125385405960945,0
lenadj,8,1,lexical,0.9784172661870504,1518
lenadj,8,1,rhythm,0.8140801644398767,0
lenadj,8,1,combined,0.9850976361767728,1518
lenadj,8,2,length_only,0.8010277492291881,0
lenadj,8,2,lexical,0.9776978417266187,1583
lenadj,8,2,rhythm,0.7902363823227132,0
lenadj,8,2,combined,0.983453237410072,1583
lenadj,8,3,length_only,0.7926002055498459,0
lenadj,8,3,lexical,0.9820143884892086,1521
lenadj,8,3,rhythm,0.8466598150051388,0
lenadj,8,3,combined,0.9882836587872559,1521
lenadj,8,4,length_only,0.7998972250770813,0
lenadj,8,4,lexical,0.9647482014388489,1562
lenadj,8,4,rhythm,0.8080164439876669,0
lenadj,8,4,combined,0.9683453237410071,1562
lenadj,9,0,length_only,0.8294897959183674,0
lenadj,9,0,lexical,0.9639795918367347,1538
lenadj,9,0,rhythm,0.8179591836734694,0
lenadj,9,0,combined,0.9717346938775511,1538
lenadj,9,1,length_only,0.8480986639260021,0
lenadj,9,1,lexical,0.9699897225077081,1467
lenadj,9,1,rhythm,0.8100719424460432,0
lenadj,9,1,combined,0.9784172661870503,1467
lenadj,9,2,length_only,0.7854059609455293,0
lenadj,9,2,lexical,0.9782117163412128,1539
lenadj,9,2,rhythm,0.8250770811921891,0
lenadj,9,2,combined,0.9809866392600206,1539
lenadj,9,3,length_only,0.794141829393628,0
lenadj,9,3,lexical,0.9723535457348407,1586
lenadj,9,3,rhythm,0.7874614594039054,0
lenadj,9,3,combined,0.9799588900308325,1586
lenadj,9,4,length_only,0.7946557040082219,0
lenadj,9,4,lexical,0.9795477903391572,1553
lenadj,9,4,rhythm,0.8223021582733814,0
lenadj,9,4,combined,0.9831449126413155,1553
lenadj,10,0,length_only,0.7859183673469387,0
lenadj,10,0,lexical,0.9776530612244898,1570
lenadj,10,0,rhythm,0.7769387755102042,0
lenadj,10,0,combined,0.9843877551020408,1570
lenadj,10,1,length_only,0.7795477903391573,0
lenadj,10,1,lexical,0.9700924974306269,1556
lenadj,10,1,rhythm,0.8507708119218911,0
lenadj,10,1,combined,0.9832476875642343,1556
lenadj,10,2,length_only,0.8039054470709148,0
lenadj,10,2,lexical,0.9800616649537512,1554
lenadj,10,2,rhythm,0.796813977389517,0
lenadj,10,2,combined,0.980781089414183,1554
lenadj,10,3,length_only,0.821377183967112,0
lenadj,10,3,lexical,0.9751284686536484,1544
lenadj,10,3,rhythm,0.7628982528263104,0
lenadj,10,3,combined,0.9744090441932168,1544
lenadj,10,4,length_only,0.8659815005138747,0
lenadj,10,4,lexical,0.9750256937307297,1511
lenadj,10,4,rhythm,0.8624871531346351,0
lenadj,10,4,combined,0.9832476875642344,1511
lenadj,11,0,length_only,0.7720408163265305,0
lenadj,11,0,lexical,0.9744897959183674,1552
lenadj,11,0,rhythm,0.8004081632653062,0
lenadj,11,0,combined,0.9781632653061224,1552
lenadj,11,1,length_only,0.8320657759506681,0
lenadj,11,1,lexical,0.9749229188078109,1500
lenadj,11,1,rhythm,0.8429599177800616,0
lenadj,11,1,combined,0.9808838643371017,1500
lenadj,11,2,length_only,0.8334018499486127,0
lenadj,11,2,lexical,0.9830421377183967,1538
lenadj,11,2,rhythm,0.8334018499486125,0
lenadj,11,2,combined,0.9914696813977389,1538
lenadj,11,3,length_only,0.7947584789311409,0
lenadj,11,3,lexical,0.9696813977389518,1527
lenadj,11,3,rhythm,0.7942446043165468,0
lenadj,11,3,combined,0.9779033915724563,1527
lenadj,11,4,length_only,0.8206577595066804,0
lenadj,11,4,lexical,0.9699897225077082,1576
lenadj,11,4,rhythm,0.7817060637204523,0
lenadj,11,4,combined,0.9758478931140802,1576
lenadj,12,0,length_only,0.8059183673469388,0
lenadj,12,0,lexical,0.9831632653061224,1525
lenadj,12,0,rhythm,0.8327551020408163,0
lenadj,12,0,combined,0.9920408163265306,1525
lenadj,12,1,length_only,0.8312435765673176,0
lenadj,12,1,lexical,0.9702980472764645,1516
lenadj,12,1,rhythm,0.7803699897225077,0
lenadj,12,1,combined,0.9688591983556013,1516
lenadj,12,2,length_only,0.8022610483042137,0
lenadj,12,2,lexical,0.9682425488180884,1549
lenadj,12,2,rhythm,0.8027749229188078,0
lenadj,12,2,combined,0.9710174717368962,1549
lenadj,12,3,length_only,0.8226104830421377,0
lenadj,12,3,lexical,0.978622816032888,1489
lenadj,12,3,rhythm,0.7852004110996917,0
lenadj,12,3,combined,0.9870503597122302,1489
lenadj,12,4,length_only,0.7995889003083249,0
lenadj,12,4,lexical,0.9715313463514903,1569
lenadj,12,4,rhythm,0.86896197327852,0
lenadj,12,4,combined,0.9765673175745118,1569
lenadj,13,0,length_only,0.803469387755102,0
lenadj,13,0,lexical,0.9737755102040816,1585
lenadj,13,0,rhythm,0.8260204081632654,0
lenadj,13,0,combined,0.9793877551020408,1585
lenadj,13,1,length_only,0.82672147995889,0
lenadj,13,1,lexical,0.9746145940390545,1552
lenadj,13,1,rhythm,0.737410071942446,0
lenadj,13,1,combined,0.9696813977389517,1552
lenadj,13,2,length_only,0.8182939362795478,0
lenadj,13,2,lexical,0.9656731757451182,1520
lenadj,13,2,rhythm,0.8199383350462487,0
lenadj,13,2,combined,0.9710174717368962,1520
lenadj,13,3,length_only,0.8221993833504625,0
lenadj,13,3,lexical,0.9680369989722508,1521
lenadj,13,3,rhythm,0.8670092497430627,0
lenadj,13,3,combined,0.9784172661870505,1521
lenadj,13,4,length_only,0.7866392600205551,0
lenadj,13,4,lexical,0.9763617677286742,1536
lenadj,13,4,rhythm,0.8013360739979445,0
lenadj,13,4,combined,0.9892086330935251,1536
lenadj,14,0,length_only,0.8084693877551021,0
lenadj,14,0,lexical,0.9706122448979592,1514
lenadj,14,0,rhythm,0.7687755102040816,0
lenadj,14,0,combined,0.975,1514
lenadj,14,1,length_only,0.8282631038026721,0
lenadj,14,1,lexical,0.9723535457348407,1532
lenadj,14,1,rhythm,0.746454265159301,0
lenadj,14,1,combined,0.973792394655704,1532
lenadj,14,2,length_only,0.8161356628982529,0
lenadj,14,2,lexical,0.978622816032888,1611
lenadj,14,2,rhythm,0.8225077081192189,0
lenadj,14,2,combined,0.9806783144912641,1611
lenadj,14,3,length_only,0.8062692702980472,0
lenadj,14,3,lexical,0.9759506680369989,1557
lenadj,14,3,rhythm,0.8571428571428572,0
lenadj,14,3,combined,0.9820143884892086,1557
lenadj,14,4,length_only,0.7997944501541623,0
lenadj,14,4,lexical,0.984994861253854,1488
lenadj,14,4,rhythm,0.8355601233299075,0
lenadj,14,4,combined,0.9905447070914697,1488
lenadj,15,0,length_only,0.8589795918367347,0
lenadj,15,0,lexical,0.9775510204081632,1579
lenadj,15,0,rhythm,0.8470408163265306,0
lenadj,15,0,combined,0.9851020408163266,1579
lenadj,15,1,length_only,0.7668036998972251,0
lenadj,15,1,lexical,0.9774922918807811,1541
lenadj,15,1,rhythm,0.8070914696813977,0
lenadj,15,1,combined,0.9832476875642344,1541
lenadj,15,2,length_only,0.8007194244604317,0
lenadj,15,2,lexical,0.9787255909558068,1519
lenadj,15,2,rhythm,0.7762589928057554,0
lenadj,15,2,combined,0.9827338129496404,1519
lenadj,15,3,length_only,0.8279547790339157,0
lenadj,15,3,lexical,0.96207605344296,1563
lenadj,15,3,rhythm,0.8369989722507708,0
lenadj,15,3,combined,0.9715313463514902,1563
lenadj,15,4,length_only,0.798355601233299,0
lenadj,15,4,lexical,0.9673175745118192,1512
lenadj,15,4,rhythm,0.781397738951696,0
lenadj,15,4,combined,0.9767728674203494,1512
lenadj,16,0,length_only,0.8177551020408164,0
lenadj,16,0,lexical,0.9724489795918367,1541
lenadj,16,0,rhythm,0.8065306122448979,0
lenadj,16,0,combined,0.9783673469387756,1541
lenadj,16,1,length_only,0.8098663926002057,0
lenadj,16,1,lexical,0.981808838643371,1570
lenadj,16,1,rhythm,0.7944501541623844,0
lenadj,16,1,combined,0.9828365878725591,1570
lenadj,16,2,length_only,0.804830421377184,0
lenadj,16,2,lexical,0.9649537512846864,1508
lenadj,16,2,rhythm,0.8446043165467627,0
lenadj,16,2,combined,0.9749229188078108,1508
lenadj,16,3,length_only,0.8626927029804727,0
lenadj,16,3,lexical,0.9833504624871532,1515
lenadj,16,3,rhythm,0.8030832476875643,0
lenadj,16,3,combined,0.9832476875642343,1515
lenadj,16,4,length_only,0.7496402877697841,0
lenadj,16,4,lexical,0.9835560123329907,1565
lenadj,16,4,rhythm,0.8248715313463515,0
lenadj,16,4,combined,0.9849948612538542,1565
lenadj,17,0,length_only,0.8453061224489796,0
lenadj,17,0,lexical,0.9769387755102041,1504
lenadj,17,0,rhythm,0.8060204081632654,0
lenadj,17,0,combined,0.9783673469387756,1504
lenadj,17,1,length_only,0.7561151079136691,0
lenadj,17,1,lexical,0.9756423432682426,1593
lenadj,17,1,rhythm,0.8596094552929086,0
lenadj,17,1,combined,0.9854059609455292,1593
lenadj,17,2,length_only,0.8200411099691676,0
lenadj,17,2,lexical,0.9655704008221995,1534
lenadj,17,2,rhythm,0.8072970195272354,0
lenadj,17,2,combined,0.9787255909558068,1534
lenadj,17,3,length_only,0.8107913669064749,0
lenadj,17,3,lexical,0.9661870503597122,1564
lenadj,17,3,rhythm,0.7474820143884893,0
lenadj,17,3,combined,0.9663926002055498,1564
lenadj,17,4,length_only,0.8180883864337102,0
lenadj,17,4,lexical,0.9892086330935252,1523
lenadj,17,4,rhythm,0.8426515930113052,0
lenadj,17,4,combined,0.9920863309352518,1523
lenadj,18,0,length_only,0.7742857142857142,0
lenadj,18,0,lexical,0.9663265306122448,1545
lenadj,18,0,rhythm,0.8311224489795919,0
lenadj,18,0,combined,0.9758163265306123,1545
lenadj,18,1,length_only,0.8097636176772868,0
lenadj,18,1,lexical,0.9857142857142858,1533
lenadj,18,1,rhythm,0.7618705035971223,0
lenadj,18,1,combined,0.9862281603288797,1533
lenadj,18,2,length_only,0.7990750256937307,0
lenadj,18,2,lexical,0.9554984583761562,1550
lenadj,18,2,rhythm,0.8780061664953751,0
lenadj,18,2,combined,0.9692702980472765,1550
lenadj,18,3,length_only,0.817677286742035,0
lenadj,18,3,lexical,0.9795477903391572,1538
lenadj,18,3,rhythm,0.7843782117163413,0
lenadj,18,3,combined,0.9811921891058581,1538
lenadj,18,4,length_only,0.8479958890030833,0
lenadj,18,4,lexical,0.9910585817060638,1525
lenadj,18,4,rhythm,0.7911613566289826,0
lenadj,18,4,combined,0.990955806783145,1525
lenadj,19,0,length_only,0.8317346938775511,0
lenadj,19,0,lexical,0.9811224489795918,1524
lenadj,19,0,rhythm,0.8274489795918367,0
lenadj,19,0,combined,0.9875510204081632,1524
lenadj,19,1,length_only,0.8052415210688592,0
lenadj,19,1,lexical,0.9775950668036999,1527
lenadj,19,1,rhythm,0.8214799588900309,0
lenadj,19,1,combined,0.9813977389516959,1527
lenadj,19,2,length_only,0.8200411099691676,0
lenadj,19,2,lexical,0.9870503597122302,1554
lenadj,19,2,rhythm,0.7915724563206578,0
lenadj,19,2,combined,0.9935251798561151,1554
lenadj,19,3,length_only,0.7830421377183967,0
lenadj,19,3,lexical,0.9215827338129496,1470
lenadj,19,3,rhythm,0.8291880781089415,0
lenadj,19,3,combined,0.9388489208633093,1470
lenadj,19,4,length_only,0.8173689619732787,0
lenadj,19,4,lexical,0.9875642343268243,1619
lenadj,19,4,rhythm,0.7688591983556013,0
lenadj,19,4,combined,0.9849948612538542,1619
sens_degen,0,0,lexical,0.9991658846835575,1518
sens_degen,0,0,rhythm,0.9247210926910646,0
sens_degen,0,0,combined,0.9992701490981128,1518
sens_degen,0,1,lexical,0.9993744135126682,1550
sens_degen,0,1,rhythm,0.9378584089250339,0
sens_degen,0,1,combined,1.0,1550
sens_degen,0,2,lexical,0.9988530914398916,1533
sens_degen,0,2,rhythm,0.896152643102909,0
sens_degen,0,2,combined,0.9997914711708894,1533
sens_degen,0,3,lexical,0.9992701490981128,1534
sens_degen,0,3,rhythm,0.8959441142737984,0
sens_degen,0,3,combined,0.9995829423417787,1534
sens_degen,0,4,lexical,0.9927521008403362,1535
sens_degen,0,4,rhythm,0.9227941176470589,0
sens_degen,0,4,combined,0.992752100840336,1535
sens_degen,1,0,lexical,0.9985402981962256,1560
sens_degen,1,0,rhythm,0.9223230111562923,0
sens_degen,1,0,combined,0.9994786779272234,1560
sens_degen,1,1,lexical,1.0,1544
sens_degen,1,1,rhythm,0.9164842039411949,0
sens_degen,1,1,combined,1.0,1544
sens_degen,1,2,lexical,0.9919716400792409,1554
sens_degen,1,2,rhythm,0.914190386820978,0
sens_degen,1,2,combined,0.9918673756646856,1554
sens_degen,1,3,lexical,1.0,1577
sens_degen,1,3,rhythm,0.9024085079762277,0
sens_degen,1,3,combined,1.0,1577
sens_degen,1,4,lexical,0.996953781512605,1499
sens_degen,1,4,rhythm,0.9130252100840337,0
sens_degen,1,4,combined,0.9996848739495798,1499
sens_degen,2,0,lexical,0.9928057553956834,1521
sens_degen,2,0,rhythm,0.9093942237514336,0
sens_degen,2,0,combined,0.9930142842247941,1521
sens_degen,2,1,lexical,0.9991658846835575,1610
sens_degen,2,1,rhythm,0.9176311125013032,0
sens_degen,2,1,combined,0.9988530914398916,1610
sens_degen,2,2,lexical,1.0,1498
sens_degen,2,2,rhythm,0.919195078719633,0
sens_degen,2,2,combined,1.0,1498
sens_degen,2,3,lexical,0.9982275049525597,1536
sens_degen,2,3,rhythm,0.9117923052862058,0
sens_degen,2,3,combined,0.9997914711708894,1536
sens_degen,2,4,lexical,0.9995798319327731,1517
sens_degen,2,4,rhythm,0.9106092436974791,0
sens_degen,2,4,combined,1.0,1517
sens_degen,3,0,lexical,0.9997914711708894,1503
sens_degen,3,0,rhythm,0.9219059534980711,0
sens_degen,3,0,combined,1.0,1503
sens_degen,3,1,lexical,0.9988530914398916,1536
sens_degen,3,1,rhythm,0.9234699197164008,0
sens_degen,3,1,combined,0.998331769367115,1536
sens_degen,3,2,lexical,0.9984360337816703,1588
sens_degen,3,2,rhythm,0.9112709832134293,0
sens_degen,3,2,combined,0.9997914711708894,1588
sens_degen,3,3,lexical,0.9997914711708893,1495
sens_degen,3,3,rhythm,0.8909394223751433,0
sens_degen,3,3,combined,1.0,1495
sens_degen,3,4,lexical,0.9926470588235293,1554
sens_degen,3,4,rhythm,0.9209033613445379,0
sens_degen,3,4,combined,0.9924369747899159,1554
sens_degen,4,0,lexical,0.9997914711708894,1502
sens_degen,4,0,rhythm,0.9077259931185486,0
sens_degen,4,0,combined,0.9996872067563342,1502
sens_degen,4,1,lexical,1.0,1532
sens_degen,4,1,rhythm,0.8978208737357939,0
sens_degen,4,1,combined,0.9997914711708894,1532
sens_degen,4,2,lexical,0.9930142842247941,1528
sens_degen,4,2,rhythm,0.9162756751120842,0
sens_degen,4,2,combined,0.9930142842247941,1528
sens_degen,4,3,lexical,0.998018976123449,1598
sens_degen,4,3,rhythm,0.9162756751120842,0
sens_degen,4,3,combined,0.9993744135126682,1598
sens_degen,4,4,lexical,0.9990546218487395,1513
sens_degen,4,4,rhythm,0.9381302521008403,0
sens_degen,4,4,combined,0.9989495798319328,1513
sens_degen,5,0,lexical,0.9988530914398915,1537
sens_degen,5,0,rhythm,0.9331665102700448,0
sens_degen,5,0,combined,0.9991658846835575,1537
sens_degen,5,1,lexical,0.9992701490981128,1529
sens_degen,5,1,rhythm,0.9014701282452299,0
sens_degen,5,1,combined,0.9998957355854448,1529
sens_degen,5,2,lexical,0.9993744135126681,1503
sens_degen,5,2,rhythm,0.9291001981023876,0
sens_degen,5,2,combined,1.0,1503
sens_degen,5,3,lexical,0.9928057553956835,1545
sens_degen,5,3,rhythm,0.8906266291314775,0
sens_degen,5,3,combined,0.9928057553956835,1545
sens_degen,5,4,lexical,0.9995798319327731,1557
sens_degen,5,4,rhythm,0.9107142857142857,0
sens_degen,5,4,combined,1.0,1557
sens_degen,6,0,lexical,0.9996872067563342,1544
sens_degen,6,0,rhythm,0.9287874048587217,0
sens_degen,6,0,combined,1.0,1544
sens_degen,6,1,lexical,0.9998957355854448,1588
sens_degen,6,1,rhythm,0.8830153268689396,0
sens_degen,6,1,combined,1.0,1588
sens_degen,6,2,lexical,0.9984360337816703,1570
sens_degen,6,2,rhythm,0.917839641330414,0
sens_degen,6,2,combined,0.9994786779272234,1570
sens_degen,6,3,lexical,0.9927014909811281,1491
sens_degen,6,3,rhythm,0.8971952872484621,0
sens_degen,6,3,combined,0.9924929621520175,1491
sens_degen,6,4,lexical,0.998844537815126,1483
sens_degen,6,4,rhythm,0.9461134453781512,0
sens_degen,6,4,combined,0.9989495798319328,1483
sens_degen,7,0,lexical,0.9993744135126681,1545
sens_degen,7,0,rhythm,0.9367115003649253,0
sens_degen,7,0,combined,1.0,1545
sens_degen,7,1,lexical,0.9929100198102389,1534
sens_degen,7,1,rhythm,0.9289959336878323,0
sens_degen,7,1,combined,0.9934313418830154,1534
sens_degen,7,2,lexical,0.9991658846835575,1553
sens_degen,7,2,rhythm,0.8824940047961631,0
sens_degen,7,2,combined,0.9982275049525597,1553
sens_degen,7,3,lexical,0.9977061828797832,1540
sens_degen,7,3,rhythm,0.8940673548118028,0
sens_degen,7,3,combined,0.9995829423417788,1540
sens_degen,7,4,lexical,1.0,1498
sens_degen,7,4,rhythm,0.9203781512605043,0
sens_degen,7,4,combined,1.0,1498
sens_degen,8,0,lexical,1.0,1525
sens_degen,8,0,rhythm,0.9368157647794808,0
sens_degen,8,0,combined,0.9994786779272234,1525
sens_degen,8,1,lexical,0.9929100198102387,1528
sens_degen,8,1,rhythm,0.9270149098112814,0
sens_degen,8,1,combined,0.99332707746846,1528
sens_degen,8,2,lexical,0.9993744135126681,1541
sens_degen,8,2,rhythm,0.9116880408716506,0
sens_degen,8,2,combined,0.9996872067563342,1541
sens_degen,8,3,lexical,0.9986445626107809,1569
sens_degen,8,3,rhythm,0.8749869669481806,0
sens_degen,8,3,combined,0.9994786779272234,1569
sens_degen,8,4,lexical,0.9991596638655462,1544
sens_degen,8,4,rhythm,0.9282563025210084,0
sens_degen,8,4,combined,1.0,1544
sens_degen,9,0,lexical,0.9928057553956834,1505
sens_degen,9,0,rhythm,0.9378584089250339,0
sens_degen,9,0,combined,0.9932228130539047,1505
sens_degen,9,1,lexical,0.9987488270253363,1561
sens_degen,9,1,rhythm,0.9130434782608695,0
sens_degen,9,1,combined,0.9985402981962256,1561
sens_degen,9,2,lexical,1.0,1524
sens_degen,9,2,rhythm,0.8949014701282452,0
sens_degen,9,2,combined,1.0,1524
sens_degen,9,3,lexical,0.9988530914398916,1559
sens_degen,9,3,rhythm,0.9080387863622146,0
sens_degen,9,3,combined,0.9995829423417787,1559
sens_degen,9,4,lexical,0.9984243697478992,1500
sens_degen,9,4,rhythm,0.9159663865546219,0
sens_degen,9,4,combined,0.9992647058823529,1500
sens_degen,10,0,lexical,1.0,1539
sens_degen,10,0,rhythm,0.9675737670732979,0
sens_degen,10,0,combined,1.0,1539
sens_degen,10,1,lexical,0.9982275049525597,1571
sens_degen,10,1,rhythm,0.8760296110937338,0
sens_degen,10,1,combined,0.9990616202690022,1571
sens_degen,10,2,lexical,0.9996872067563342,1515
sens_degen,10,2,rhythm,0.9038682097800022,0
sens_degen,10,2,combined,0.9997914711708894,1515
sens_degen,10,3,lexical,0.9928057553956835,1475
sens_degen,10,3,rhythm,0.9029298300490043,0
sens_degen,10,3,combined,0.9930142842247941,1475
sens_degen,10,4,lexical,0.9996848739495798,1542
sens_degen,10,4,rhythm,0.9026260504201681,0
sens_degen,10,4,combined,0.9997899159663866,1542
sens_degen,11,0,lexical,0.9982275049525596,1581
sens_degen,11,0,rhythm,0.874465644875404,0
sens_degen,11,0,combined,0.9990616202690021,1581
sens_degen,11,1,lexical,1.0,1492
sens_degen,11,1,rhythm,0.9018871859034512,0
sens_degen,11,1,combined,1.0,1492
sens_degen,11,2,lexical,1.0,1530
sens_degen,11,2,rhythm,0.9200291940360754,0
sens_degen,11,2,combined,1.0,1530
sens_degen,11,3,lexical,0.9994786779272234,1557
sens_degen,11,3,rhythm,0.9071004066312167,0
sens_degen,11,3,combined,0.999687206756334,1557
sens_degen,11,4,lexical,0.9911764705882353,1527
sens_degen,11,4,rhythm,0.952626050420168,0
sens_degen,11,4,combined,0.9915966386554622,1527
sens_degen,12,0,lexical,0.9990616202690021,1545
sens_degen,12,0,rhythm,0.9098112814096548,0
sens_degen,12,0,combined,0.9997914711708894,1545
sens_degen,12,1,lexical,1.0,1533
sens_degen,12,1,rhythm,0.915858617453863,0
sens_degen,12,1,combined,1.0,1533
sens_degen,12,2,lexical,0.9973933896361171,1506
sens_degen,12,2,rhythm,0.9212803670107392,0
sens_degen,12,2,combined,0.9972891252215619,1506
sens_degen,12,3,lexical,0.9992701490981128,1536
sens_degen,12,3,rhythm,0.909185694922323,0
sens_degen,12,3,combined,1.0,1536
sens_degen,12,4,lexical,0.9923319327731092,1516
sens_degen,12,4,rhythm,0.9128151260504203,0
sens_degen,12,4,combined,0.9929621848739496,1516
sens_degen,13,0,lexical,0.9994786779272234,1480
sens_degen,13,0,rhythm,0.9263893233239495,0
sens_degen,13,0,combined,0.9998957355854448,1480
sens_degen,13,1,lexical,0.9930142842247941,1532
sens_degen,13,1,rhythm,0.8618496507142113,0
sens_degen,13,1,combined,0.9930142842247941,1532
sens_degen,13,2,lexical,0.9988530914398916,1500
sens_degen,13,2,rhythm,0.9278490251277239,0
sens_degen,13,2,combined,0.9987488270253362,1500
sens_degen,13,3,lexical,1.0,1587
sens_degen,13,3,rhythm,0.9100198102387655,0
sens_degen,13,3,combined,1.0,1587
sens_degen,13,4,lexical,1.0,1573
sens_degen,13,4,rhythm,0.9428571428571428,0
sens_degen,13,4,combined,1.0,1573
sens_degen,14,0,lexical,0.9923886977374622,1527
sens_degen,14,0,rhythm,0.9163799395266397,0
sens_degen,14,0,combined,0.99332707746846,1527
sens_degen,14,1,lexical,0.9988530914398915,1524
sens_degen,14,1,rhythm,0.9190908143050777,0
sens_degen,14,1,combined,0.9988530914398915,1524
sens_degen,14,2,lexical,0.9998957355854448,1545
sens_degen,14,2,rhythm,0.9304556354916068,0
sens_degen,14,2,combined,1.0,1545
sens_degen,14,3,lexical,1.0,1561
sens_degen,14,3,rhythm,0.896152643102909,0
sens_degen,14,3,combined,1.0,1561
sens_degen,14,4,lexical,1.0,1547
sens_degen,14,4,rhythm,0.9019957983193276,0
sens_degen,14,4,combined,1.0,1547
sens_degen,15,0,lexical,0.9998957355854448,1508
sens_degen,15,0,rhythm,0.9200291940360755,0
sens_degen,15,0,combined,1.0,1508
sens_degen,15,1,lexical,1.0,1570
sens_degen,15,1,rhythm,0.9281618183713899,0
sens_degen,15,1,combined,1.0,1570
sens_degen,15,2,lexical,0.9929100198102387,1550
sens_degen,15,2,rhythm,0.9534980711083307,0
sens_degen,15,2,combined,0.9931185486393495,1550
sens_degen,15,3,lexical,0.9987488270253362,1520
sens_degen,15,3,rhythm,0.8282765092274007,0
sens_degen,15,3,combined,0.9974976540506725,1520
sens_degen,15,4,lexical,0.9978991596638656,1542
sens_degen,15,4,rhythm,0.9154411764705882,0
sens_degen,15,4,combined,0.9994747899159664,1542
sens_degen,16,0,lexical,1.0,1528
sens_degen,16,0,rhythm,0.928891669273277,0
sens_degen,16,0,combined,0.9998957355854448,1528
sens_degen,16,1,lexical,0.998018976123449,1574
sens_degen,16,1,rhythm,0.9127306850172036,0
sens_degen,16,1,combined,0.998018976123449,1574
sens_degen,16,2,lexical,1.0,1526
sens_degen,16,2,rhythm,0.8979251381503494,0
sens_degen,16,2,combined,0.9998957355854448,1526
sens_degen,16,3,lexical,0.9988530914398915,1522
sens_degen,16,3,rhythm,0.9020957147325619,0
sens_degen,16,3,combined,0.999687206756334,1522
sens_degen,16,4,lexical,0.993172268907563,1546
sens_degen,16,4,rhythm,0.9197478991596638,0
sens_degen,16,4,combined,0.9935924369747899,1546
sens_degen,17,0,lexical,1.0,1591
sens_degen,17,0,rhythm,0.8930247106662496,0
sens_degen,17,0,combined,0.9996872067563342,1591
sens_degen,17,1,lexical,0.9997914711708894,1533
sens_degen,17,1,rhythm,0.9152330309665311,0
sens_degen,17,1,combined,0.9998957355854448,1533
sens_degen,17,2,lexical,0.9928057553956835,1519
sens_degen,17,2,rhythm,0.9497445521843395,0
sens_degen,17,2,combined,0.9929100198102389,1519
sens_degen,17,3,lexical,1.0,1486
sens_degen,17,3,rhythm,0.9092899593368783,0
sens_degen,17,3,combined,1.0,1486
sens_degen,17,4,lexical,0.9980042016806723,1538
sens_degen,17,4,rhythm,0.9017857142857143,0
sens_degen,17,4,combined,0.9991596638655462,1538
sens_degen,18,0,lexical,0.9911375247627985,1502
sens_degen,18,0,rhythm,0.9073089354603275,0
sens_degen,18,0,combined,0.9906162026900218,1502
sens_degen,18,1,lexical,1.0,1521
sens_degen,18,1,rhythm,0.9273277030549474,0
sens_degen,18,1,combined,1.0,1521
sens_degen,18,2,lexical,0.9993744135126682,1574
sens_degen,18,2,rhythm,0.9017829214888958,0
sens_degen,18,2,combined,0.9998957355854448,1574
sens_degen,18,3,lexical,0.9992701490981128,1544
sens_degen,18,3,rhythm,0.9261807944948389,0
sens_degen,18,3,combined,0.9998957355854448,1544
sens_degen,18,4,lexical,1.0,1530
sens_degen,18,4,rhythm,0.9084033613445379,0
sens_degen,18,4,combined,1.0,1530
sens_degen,19,0,lexical,0.9928057553956835,1520
sens_degen,19,0,rhythm,0.8976123449066834,0
sens_degen,19,0,combined,0.9931185486393495,1520
sens_degen,19,1,lexical,0.9989573558544469,1528
sens_degen,19,1,rhythm,0.9202377228651861,0
sens_degen,19,1,combined,0.9992701490981128,1528
sens_degen,19,2,lexical,1.0,1524
sens_degen,19,2,rhythm,0.9036596809508914,0
sens_degen,19,2,combined,1.0,1524
sens_degen,19,3,lexical,0.999687206756334,1559
sens_degen,19,3,rhythm,0.9449483891147952,0
sens_degen,19,3,combined,1.0,1559
sens_degen,19,4,lexical,0.998844537815126,1527
sens_degen,19,4,rhythm,0.9133403361344538,0
sens_degen,19,4,combined,0.9997899159663866,1527
sens_nollama,0,0,lexical,0.9933333333333334,1318
sens_nollama,0,0,rhythm,0.9515476190476191,0
sens_nollama,0,0,combined,0.9946428571428572,1318
sens_nollama,0,1,lexical,1.0,1262
sens_nollama,0,1,rhythm,0.920263788968825,0
sens_nollama,0,1,combined,1.0,1262
sens_nollama,0,2,lexical,0.999400479616307,1285
sens_nollama,0,2,rhythm,0.9101918465227817,0
sens_nollama,0,2,combined,1.0,1285
sens_nollama,0,3,lexical,1.0,1361
sens_nollama,0,3,rhythm,0.905515587529976,0
sens_nollama,0,3,combined,1.0,1361
sens_nollama,0,4,lexical,0.9997601918465229,1277
sens_nollama,0,4,rhythm,0.9233812949640288,0
sens_nollama,0,4,combined,0.9997601918465228,1277
sens_nollama,1,0,lexical,1.0,1336
sens_nollama,1,0,rhythm,0.9257142857142857,0
sens_nollama,1,0,combined,0.9998809523809524,1336
sens_nollama,1,1,lexical,0.9940047961630696,1254
sens_nollama,1,1,rhythm,0.9449640287769785,0
sens_nollama,1,1,combined,0.9948441247002399,1254
sens_nollama,1,2,lexical,1.0,1290
sens_nollama,1,2,rhythm,0.9074340527577938,0
sens_nollama,1,2,combined,1.0,1290
sens_nollama,1,3,lexical,1.0,1301
sens_nollama,1,3,rhythm,0.9172661870503598,0
sens_nollama,1,3,combined,1.0,1301
sens_nollama,1,4,lexical,0.9995203836930455,1333
sens_nollama,1,4,rhythm,0.9074340527577938,0
sens_nollama,1,4,combined,1.0,1333
sens_nollama,2,0,lexical,1.0,1303
sens_nollama,2,0,rhythm,0.9264285714285714,0
sens_nollama,2,0,combined,1.0,1303
sens_nollama,2,1,lexical,0.9998800959232614,1307
sens_nollama,2,1,rhythm,0.9315347721822542,0
sens_nollama,2,1,combined,0.9998800959232614,1307
sens_nollama,2,2,lexical,0.9935251798561151,1254
sens_nollama,2,2,rhythm,0.9317745803357315,0
sens_nollama,2,2,combined,0.9940047961630696,1254
sens_nollama,2,3,lexical,0.999400479616307,1346
sens_nollama,2,3,rhythm,0.9218225419664269,0
sens_nollama,2,3,combined,1.0,1346
sens_nollama,2,4,lexical,1.0,1298
sens_nollama,2,4,rhythm,0.8865707434052759,0
sens_nollama,2,4,combined,1.0,1298
sens_nollama,3,0,lexical,0.9998809523809524,1300
sens_nollama,3,0,rhythm,0.8846428571428571,0
sens_nollama,3,0,combined,0.9998809523809524,1300
sens_nollama,3,1,lexical,1.0,1305
sens_nollama,3,1,rhythm,0.9378896882494004,0
sens_nollama,3,1,combined,1.0,1305
sens_nollama,3,2,lexical,0.9932853717026379,1339
sens_nollama,3,2,rhythm,0.9268585131894485,0
sens_nollama,3,2,combined,0.9938848920863309,1339
sens_nollama,3,3,lexical,1.0,1277
sens_nollama,3,3,rhythm,0.9404076738609113,0
sens_nollama,3,3,combined,1.0,1277
sens_nollama,3,4,lexical,0.9996402877697842,1308
sens_nollama,3,4,rhythm,0.9071942446043165,0
sens_nollama,3,4,combined,1.0,1308
sens_nollama,4,0,lexical,1.0,1273
sens_nollama,4,0,rhythm,0.9080952380952381,0
sens_nollama,4,0,combined,1.0,1273
sens_nollama,4,1,lexical,0.9997601918465229,1251
sens_nollama,4,1,rhythm,0.8960431654676259,0
sens_nollama,4,1,combined,1.0,1251
sens_nollama,4,2,lexical,1.0,1328
sens_nollama,4,2,rhythm,0.9309352517985612,0
sens_nollama,4,2,combined,1.0,1328
sens_nollama,4,3,lexical,0.9995203836930455,1302
sens_nollama,4,3,rhythm,0.9440047961630695,0
sens_nollama,4,3,combined,0.9998800959232614,1302
sens_nollama,4,4,lexical,0.9934052757793765,1291
sens_nollama,4,4,rhythm,0.9286570743405276,0
sens_nollama,4,4,combined,0.9941247002398081,1291
sens_nollama,5,0,lexical,0.993452380952381,1305
sens_nollama,5,0,rhythm,0.9170238095238095,0
sens_nollama,5,0,combined,0.9938095238095238,1305
sens_nollama,5,1,lexical,1.0,1292
sens_nollama,5,1,rhythm,0.9428057553956835,0
sens_nollama,5,1,combined,0.9998800959232614,1292
sens_nollama,5,2,lexical,1.0,1253
sens_nollama,5,2,rhythm,0.9199040767386092,0
sens_nollama,5,2,combined,1.0,1253
sens_nollama,5,3,lexical,1.0,1313
sens_nollama,5,3,rhythm,0.8947242206235012,0
sens_nollama,5,3,combined,0.9997601918465228,1313
sens_nollama,5,4,lexical,0.9988009592326139,1330
sens_nollama,5,4,rhythm,0.9404076738609113,0
sens_nollama,5,4,combined,1.0,1330
sens_nollama,6,0,lexical,0.9935714285714285,1288
sens_nollama,6,0,rhythm,0.9249999999999999,0
sens_nollama,6,0,combined,0.9945238095238096,1288
sens_nollama,6,1,lexical,1.0,1261
sens_nollama,6,1,rhythm,0.9080335731414868,0
sens_nollama,6,1,combined,1.0,1261
sens_nollama,6,2,lexical,0.9996402877697842,1298
sens_nollama,6,2,rhythm,0.9412470023980815,0
sens_nollama,6,2,combined,1.0,1298
sens_nollama,6,3,lexical,0.9998800959232614,1330
sens_nollama,6,3,rhythm,0.9494004796163069,0
sens_nollama,6,3,combined,0.9998800959232614,1330
sens_nollama,6,4,lexical,1.0,1360
sens_nollama,6,4,rhythm,0.8823741007194245,0
sens_nollama,6,4,combined,1.0,1360
sens_nollama,7,0,lexical,0.9933333333333334,1252
sens_nollama,7,0,rhythm,0.8792857142857143,0
sens_nollama,7,0,combined,0.9935714285714285,1252
sens_nollama,7,1,lexical,0.9997601918465229,1268
sens_nollama,7,1,rhythm,0.9483213429256595,0
sens_nollama,7,1,combined,0.9997601918465229,1268
sens_nollama,7,2,lexical,0.9995203836930455,1311
sens_nollama,7,2,rhythm,0.9348920863309352,0
sens_nollama,7,2,combined,0.9998800959232614,1311
sens_nollama,7,3,lexical,1.0,1336
sens_nollama,7,3,rhythm,0.9189448441247002,0
sens_nollama,7,3,combined,0.9998800959232614,1336
sens_nollama,7,4,lexical,1.0,1292
sens_nollama,7,4,rhythm,0.9137889688249401,0
sens_nollama,7,4,combined,1.0,1292
sens_nollama,8,0,lexical,1.0,1319
sens_nollama,8,0,rhythm,0.933452380952381,0
sens_nollama,8,0,combined,1.0,1319
sens_nollama,8,1,lexical,0.9998800959232614,1259
sens_nollama,8,1,rhythm,0.9134292565947242,0
sens_nollama,8,1,combined,1.0,1259
sens_nollama,8,2,lexical,0.9997601918465228,1281
sens_nollama,8,2,rhythm,0.9149880095923261,0
sens_nollama,8,2,combined,1.0,1281
sens_nollama,8,3,lexical,0.9936450839328538,1313
sens_nollama,8,3,rhythm,0.9311750599520383,0
sens_nollama,8,3,combined,0.9943645083932854,1313
sens_nollama,8,4,lexical,1.0,1330
sens_nollama,8,4,rhythm,0.9142685851318945,0
sens_nollama,8,4,combined,0.9998800959232614,1330
sens_nollama,9,0,lexical,1.0,1285
sens_nollama,9,0,rhythm,0.9489285714285715,0
sens_nollama,9,0,combined,1.0,1285
sens_nollama,9,1,lexical,1.0,1274
sens_nollama,9,1,rhythm,0.9284172661870503,0
sens_nollama,9,1,combined,1.0,1274
sens_nollama,9,2,lexical,0.999400479616307,1345
sens_nollama,9,2,rhythm,0.9205035971223021,0
sens_nollama,9,2,combined,0.9998800959232614,1345
sens_nollama,9,3,lexical,0.993884892086331,1278
sens_nollama,9,3,rhythm,0.9103117505995203,0
sens_nollama,9,3,combined,0.9950839328537171,1278
sens_nollama,9,4,lexical,1.0,1294
sens_nollama,9,4,rhythm,0.8924460431654676,0
sens_nollama,9,4,combined,1.0,1294
sens_nollama,10,0,lexical,0.9935714285714285,1292
sens_nollama,10,0,rhythm,0.9288095238095238,0
sens_nollama,10,0,combined,0.9945238095238096,1292
sens_nollama,10,1,lexical,0.9996402877697842,1337
sens_nollama,10,1,rhythm,0.9251798561151079,0
sens_nollama,10,1,combined,1.0,1337
sens_nollama,10,2,lexical,1.0,1328
sens_nollama,10,2,rhythm,0.9281774580335731,0
sens_nollama,10,2,combined,1.0,1328
sens_nollama,10,3,lexical,1.0,1258
sens_nollama,10,3,rhythm,0.9342925659472422,0
sens_nollama,10,3,combined,1.0,1258
sens_nollama,10,4,lexical,1.0,1292
sens_nollama,10,4,rhythm,0.8986810551558753,0
sens_nollama,10,4,combined,0.9997601918465228,1292
sens_nollama,11,0,lexical,1.0,1340
sens_nollama,11,0,rhythm,0.9177380952380952,0
sens_nollama,11,0,combined,1.0,1340
sens_nollama,11,1,lexical,1.0,1296
sens_nollama,11,1,rhythm,0.918705035971223,0
sens_nollama,11,1,combined,1.0,1296
sens_nollama,11,2,lexical,0.9997601918465228,1307
sens_nollama,11,2,rhythm,0.9137889688249401,0
sens_nollama,11,2,combined,1.0,1307
sens_nollama,11,3,lexical,0.9934052757793765,1335
sens_nollama,11,3,rhythm,0.9431654676258993,0
sens_nollama,11,3,combined,0.9936450839328538,1335
sens_nollama,11,4,lexical,1.0,1262
sens_nollama,11,4,rhythm,0.9129496402877698,0
sens_nollama,11,4,combined,1.0,1262
sens_nollama,12,0,lexical,0.9936904761904762,1338
sens_nollama,12,0,rhythm,0.9063095238095238,0
sens_nollama,12,0,combined,0.9945238095238096,1338
sens_nollama,12,1,lexical,1.0,1258
sens_nollama,12,1,rhythm,0.9258992805755395,0
sens_nollama,12,1,combined,1.0,1258
sens_nollama,12,2,lexical,0.9997601918465229,1278
sens_nollama,12,2,rhythm,0.9422062350119904,0
sens_nollama,12,2,combined,1.0,1278
sens_nollama,12,3,lexical,0.9995203836930455,1351
sens_nollama,12,3,rhythm,0.9077937649880096,0
sens_nollama,12,3,combined,0.9998800959232614,1351
sens_nollama,12,4,lexical,1.0,1264
sens_nollama,12,4,rhythm,0.928537170263789,0
sens_nollama,12,4,combined,1.0,1264
sens_nollama,13,0,lexical,1.0,1315
sens_nollama,13,0,rhythm,0.9279761904761905,0
sens_nollama,13,0,combined,1.0,1315
sens_nollama,13,1,lexical,0.9997601918465229,1312
sens_nollama,13,1,rhythm,0.9388489208633093,0
sens_nollama,13,1,combined,0.9997601918465229,1312
sens_nollama,13,2,lexical,0.9941247002398081,1259
sens_nollama,13,2,rhythm,0.9170263788968825,0
sens_nollama,13,2,combined,0.9943645083932854,1259
sens_nollama,13,3,lexical,0.9998800959232614,1291
sens_nollama,13,3,rhythm,0.9382494004796162,0
sens_nollama,13,3,combined,1.0,1291
sens_nollama,13,4,lexical,1.0,1299
sens_nollama,13,4,rhythm,0.8770983213429255,0
sens_nollama,13,4,combined,1.0,1299
sens_nollama,14,0,lexical,0.9998809523809524,1310
sens_nollama,14,0,rhythm,0.895,0
sens_nollama,14,0,combined,1.0,1310
sens_nollama,14,1,lexical,0.9932853717026379,1299
sens_nollama,14,1,rhythm,0.9172661870503597,0
sens_nollama,14,1,combined,0.993884892086331,1299
sens_nollama,14,2,lexical,0.9997601918465229,1283
sens_nollama,14,2,rhythm,0.9189448441247003,0
sens_nollama,14,2,combined,1.0,1283
sens_nollama,14,3,lexical,0.9998800959232614,1292
sens_nollama,14,3,rhythm,0.9267386091127098,0
sens_nollama,14,3,combined,1.0,1292
sens_nollama,14,4,lexical,0.9998800959232614,1307
sens_nollama,14,4,rhythm,0.9507194244604316,0
sens_nollama,14,4,combined,0.9998800959232614,1307
sens_nollama,15,0,lexical,1.0,1279
sens_nollama,15,0,rhythm,0.9101190476190475,0
sens_nollama,15,0,combined,0.9998809523809524,1279
sens_nollama,15,1,lexical,0.9995203836930456,1327
sens_nollama,15,1,rhythm,0.9280575539568345,0
sens_nollama,15,1,combined,1.0,1327
sens_nollama,15,2,lexical,0.999400479616307,1326
sens_nollama,15,2,rhythm,0.9051558752997602,0
sens_nollama,15,2,combined,0.9992805755395683,1326
sens_nollama,15,3,lexical,0.9930455635491607,1269
sens_nollama,15,3,rhythm,0.9214628297362111,0
sens_nollama,15,3,combined,0.9929256594724221,1269
sens_nollama,15,4,lexical,1.0,1259
sens_nollama,15,4,rhythm,0.9424460431654678,0
sens_nollama,15,4,combined,1.0,1259
sens_nollama,16,0,lexical,1.0,1350
sens_nollama,16,0,rhythm,0.8847619047619047,0
sens_nollama,16,0,combined,1.0,1350
sens_nollama,16,1,lexical,1.0,1286
sens_nollama,16,1,rhythm,0.9386091127098322,0
sens_nollama,16,1,combined,1.0,1286
sens_nollama,16,2,lexical,1.0,1326
sens_nollama,16,2,rhythm,0.9154676258992805,0
sens_nollama,16,2,combined,1.0,1326
sens_nollama,16,3,lexical,0.9928057553956835,1276
sens_nollama,16,3,rhythm,0.930335731414868,0
sens_nollama,16,3,combined,0.9931654676258993,1276
sens_nollama,16,4,lexical,1.0,1269
sens_nollama,16,4,rhythm,0.9252997601918466,0
sens_nollama,16,4,combined,0.9998800959232614,1269
sens_nollama,17,0,lexical,0.9936904761904762,1316
sens_nollama,17,0,rhythm,0.9321428571428572,0
sens_nollama,17,0,combined,0.9944047619047619,1316
sens_nollama,17,1,lexical,0.9997601918465229,1328
sens_nollama,17,1,rhythm,0.9304556354916067,0
sens_nollama,17,1,combined,1.0,1328
sens_nollama,17,2,lexical,1.0,1253
sens_nollama,17,2,rhythm,0.9233812949640288,0
sens_nollama,17,2,combined,1.0,1253
sens_nollama,17,3,lexical,1.0,1292
sens_nollama,17,3,rhythm,0.8923261390887289,0
sens_nollama,17,3,combined,1.0,1292
sens_nollama,17,4,lexical,0.9998800959232614,1329
sens_nollama,17,4,rhythm,0.9203836930455636,0
sens_nollama,17,4,combined,0.9998800959232614,1329
sens_nollama,18,0,lexical,1.0,1284
sens_nollama,18,0,rhythm,0.9198809523809524,0
sens_nollama,18,0,combined,1.0,1284
sens_nollama,18,1,lexical,0.9936450839328538,1278
sens_nollama,18,1,rhythm,0.9149880095923261,0
sens_nollama,18,1,combined,0.993285371702638,1278
sens_nollama,18,2,lexical,0.9995203836930455,1296
sens_nollama,18,2,rhythm,0.9347721822541967,0
sens_nollama,18,2,combined,1.0,1296
sens_nollama,18,3,lexical,1.0,1331
sens_nollama,18,3,rhythm,0.9540767386091127,0
sens_nollama,18,3,combined,1.0,1331
sens_nollama,18,4,lexical,1.0,1334
sens_nollama,18,4,rhythm,0.8914868105515588,0
sens_nollama,18,4,combined,0.9997601918465228,1334
sens_nollama,19,0,lexical,0.9998809523809524,1276
sens_nollama,19,0,rhythm,0.9448809523809523,0
sens_nollama,19,0,combined,1.0,1276
sens_nollama,19,1,lexical,0.9929256594724221,1329
sens_nollama,19,1,rhythm,0.9225419664268585,0
sens_nollama,19,1,combined,0.9928057553956834,1329
sens_nollama,19,2,lexical,0.9996402877697842,1287
sens_nollama,19,2,rhythm,0.9314148681055155,0
sens_nollama,19,2,combined,0.9998800959232614,1287
sens_nollama,19,3,lexical,1.0,1278
sens_nollama,19,3,rhythm,0.8988009592326139,0
sens_nollama,19,3,combined,1.0,1278
sens_nollama,19,4,lexical,0.9992805755395683,1344
sens_nollama,19,4,rhythm,0.9015587529976019,0
sens_nollama,19,4,combined,1.0,1344
